{
  "abstained_error_rate": 0.23529411764705882,
  "abstention_rate": 0.0194954128440367,
  "abstention_threshold": 0.8,
  "accuracy": 0.9438073394495413,
  "brier": 0.10455161092345067,
  "calibration_accuracy": 0.9534504552602019,
  "calibration_bins": 15,
  "coverage": 0.9805045871559633,
  "ece": 0.046549544739798165,
  "eval_loss": 0.2483381327728487,
  "final_id": {
    "abstained_error_rate": 0.375,
    "abstention_rate": 0.01834862385321101,
    "abstention_threshold": 0.8,
    "accuracy": 0.9438073394495413,
    "best_accuracy": 0.9438073394495413,
    "best_primary_metric": 0.9438073394495413,
    "brier": 0.10300307861999002,
    "calibration_accuracy": 0.9514044714397534,
    "calibration_bins": 15,
    "coverage": 0.981651376146789,
    "distribution": "id",
    "ece": 0.04859552856024668,
    "eval_loss": 0.24351157464341006,
    "mce": 0.47694651007389455,
    "mean_confidence": 0.9872678830698578,
    "nll": 0.24555090161541032,
    "primary_metric": "accuracy",
    "primary_metric_value": 0.9438073394495413,
    "selective_accuracy": 0.9497663551401869,
    "selective_risk": 0.050233644859813076,
    "split": "validation"
  },
  "mce": 0.4730358071570344,
  "mean_confidence": 0.9862881889367496,
  "method": "lora",
  "model_name": "roberta-base",
  "nll": 0.25047005421620566,
  "primary_metric": "accuracy",
  "primary_metric_value": 0.9438073394495413,
  "selective_accuracy": 0.9473684210526315,
  "selective_risk": 0.052631578947368474,
  "task_name": "sst2"
}