{
  "abstained_error_rate": 0.2857142857142857,
  "abstention_rate": 0.06862745098039216,
  "abstention_threshold": 0.8,
  "accuracy": 0.8995098039215687,
  "best_f1": 0.9290780141843972,
  "best_primary_metric": 0.9290780141843972,
  "brier": 0.17637256809928137,
  "calibration_accuracy": 0.9288633512425001,
  "calibration_bins": 15,
  "coverage": 0.9313725490196079,
  "distribution": "id",
  "ece": 0.07113664875749993,
  "eval_loss": 0.34968936844513965,
  "f1": 0.9269162210338681,
  "mce": 0.21764675896379604,
  "mean_confidence": 0.959803567840965,
  "nll": 0.3560125330781285,
  "primary_metric": "f1",
  "primary_metric_value": 0.9269162210338681,
  "selective_accuracy": 0.9131578947368421,
  "selective_risk": 0.08684210526315794,
  "split": "validation"
}