{
  "abstained_error_rate": 0.2909090909090909,
  "abstention_rate": 0.13480392156862744,
  "abstention_threshold": 0.8,
  "accuracy": 0.9019607843137255,
  "brier": 0.16059945640951592,
  "calibration_accuracy": 0.963411961804946,
  "calibration_bins": 15,
  "coverage": 0.8651960784313726,
  "ece": 0.036588038195053976,
  "eval_loss": 0.2662191826563615,
  "f1": 0.9290780141843972,
  "final_id": {
    "abstained_error_rate": 0.2857142857142857,
    "abstention_rate": 0.06862745098039216,
    "abstention_threshold": 0.8,
    "accuracy": 0.8995098039215687,
    "best_f1": 0.9290780141843972,
    "best_primary_metric": 0.9290780141843972,
    "brier": 0.17637256809928137,
    "calibration_accuracy": 0.9288633512425001,
    "calibration_bins": 15,
    "coverage": 0.9313725490196079,
    "distribution": "id",
    "ece": 0.07113664875749993,
    "eval_loss": 0.34968936844513965,
    "f1": 0.9269162210338681,
    "mce": 0.21764675896379604,
    "mean_confidence": 0.959803567840965,
    "nll": 0.3560125330781285,
    "primary_metric": "f1",
    "primary_metric_value": 0.9269162210338681,
    "selective_accuracy": 0.9131578947368421,
    "selective_risk": 0.08684210526315794,
    "split": "validation"
  },
  "mce": 0.13366709267894183,
  "mean_confidence": 0.9178574142065874,
  "method": "lora",
  "model_name": "roberta-base",
  "nll": 0.27000429556481714,
  "primary_metric": "f1",
  "primary_metric_value": 0.9290780141843972,
  "selective_accuracy": 0.9320113314447592,
  "selective_risk": 0.06798866855524077,
  "task_name": "mrpc"
}