{
  "abstained_error_rate": 0.4,
  "abstention_rate": 0.1715686274509804,
  "abstention_threshold": 0.8,
  "accuracy": 0.875,
  "best_f1": 0.9097345132743363,
  "best_primary_metric": 0.9097345132743363,
  "brier": 0.18512450920096776,
  "calibration_accuracy": 0.9449943102850725,
  "calibration_bins": 15,
  "coverage": 0.8284313725490197,
  "distribution": "id",
  "ece": 0.055005689714927475,
  "eval_loss": 0.3301065183029725,
  "f1": 0.9094138543516875,
  "mce": 0.2660288901283788,
  "mean_confidence": 0.9192943472664789,
  "nll": 0.33367573701799647,
  "primary_metric": "f1",
  "primary_metric_value": 0.9094138543516875,
  "selective_accuracy": 0.9319526627218935,
  "selective_risk": 0.06804733727810652,
  "split": "validation"
}