{
  "abstained_error_rate": 0.38823529411764707,
  "abstention_rate": 0.20833333333333334,
  "abstention_threshold": 0.8,
  "accuracy": 0.875,
  "brier": 0.18940071334952202,
  "calibration_accuracy": 0.9515452422928234,
  "calibration_bins": 15,
  "coverage": 0.7916666666666666,
  "ece": 0.04845475770717651,
  "eval_loss": 0.3241039835489713,
  "f1": 0.9097345132743363,
  "final_id": {
    "abstained_error_rate": 0.4,
    "abstention_rate": 0.1715686274509804,
    "abstention_threshold": 0.8,
    "accuracy": 0.875,
    "best_f1": 0.9097345132743363,
    "best_primary_metric": 0.9097345132743363,
    "brier": 0.18512450920096776,
    "calibration_accuracy": 0.9449943102850725,
    "calibration_bins": 15,
    "coverage": 0.8284313725490197,
    "distribution": "id",
    "ece": 0.055005689714927475,
    "eval_loss": 0.3301065183029725,
    "f1": 0.9094138543516875,
    "mce": 0.2660288901283788,
    "mean_confidence": 0.9192943472664789,
    "nll": 0.33367573701799647,
    "primary_metric": "f1",
    "primary_metric_value": 0.9094138543516875,
    "selective_accuracy": 0.9319526627218935,
    "selective_risk": 0.06804733727810652,
    "split": "validation"
  },
  "mce": 0.2938420845951242,
  "mean_confidence": 0.9003352848857707,
  "method": "lora",
  "model_name": "roberta-base",
  "nll": 0.3267390867503058,
  "primary_metric": "f1",
  "primary_metric_value": 0.9097345132743363,
  "selective_accuracy": 0.9442724458204335,
  "selective_risk": 0.05572755417956654,
  "task_name": "mrpc"
}