{
  "abstained_error_rate": 0.5555555555555556,
  "abstention_rate": 0.022058823529411766,
  "abstention_threshold": 0.8,
  "accuracy": 0.8848039215686274,
  "best_f1": 0.9236234458259325,
  "best_primary_metric": 0.9236234458259325,
  "brier": 0.21317906559137684,
  "calibration_accuracy": 0.8938087692753454,
  "calibration_bins": 15,
  "coverage": 0.9779411764705882,
  "distribution": "id",
  "ece": 0.10619123072465464,
  "eval_loss": 0.5272912451406367,
  "f1": 0.917975567190227,
  "mce": 0.5659339995675136,
  "mean_confidence": 0.9879426374202216,
  "nll": 0.537588696393564,
  "primary_metric": "f1",
  "primary_metric_value": 0.917975567190227,
  "selective_accuracy": 0.8947368421052632,
  "selective_risk": 0.10526315789473684,
  "split": "validation"
}