{
  "abstained_error_rate": 0.43243243243243246,
  "abstention_rate": 0.26714801444043323,
  "abstention_threshold": 0.8,
  "accuracy": 0.7617328519855595,
  "best_accuracy": 0.7617328519855595,
  "best_primary_metric": 0.7617328519855595,
  "brier": 0.33962540224814747,
  "calibration_accuracy": 0.9035521843906795,
  "calibration_bins": 15,
  "coverage": 0.7328519855595668,
  "distribution": "id",
  "ece": 0.09644781560932042,
  "eval_loss": 0.5143517462743653,
  "mce": 0.24463684029749666,
  "mean_confidence": 0.8496864564301344,
  "nll": 0.5212536125578296,
  "primary_metric": "accuracy",
  "primary_metric_value": 0.7617328519855595,
  "selective_accuracy": 0.8325123152709359,
  "selective_risk": 0.16748768472906406,
  "split": "validation"
}