{
  "abstained_error_rate": 0.2857142857142857,
  "abstention_rate": 0.016055045871559634,
  "abstention_threshold": 0.8,
  "accuracy": 0.9415137614678899,
  "brier": 0.1082779975809442,
  "calibration_accuracy": 0.9508338427352772,
  "calibration_bins": 15,
  "coverage": 0.9839449541284404,
  "ece": 0.049166157264722885,
  "eval_loss": 0.24343333726283162,
  "final_id": {
    "abstained_error_rate": 0.2857142857142857,
    "abstention_rate": 0.016055045871559634,
    "abstention_threshold": 0.8,
    "accuracy": 0.9415137614678899,
    "best_accuracy": 0.9415137614678899,
    "best_primary_metric": 0.9415137614678899,
    "brier": 0.1082779975809442,
    "calibration_accuracy": 0.9508338427352772,
    "calibration_bins": 15,
    "coverage": 0.9839449541284404,
    "distribution": "id",
    "ece": 0.049166157264722885,
    "eval_loss": 0.24343333726283162,
    "mce": 0.4104688709717239,
    "mean_confidence": 0.9868873213683469,
    "nll": 0.24469550908166257,
    "primary_metric": "accuracy",
    "primary_metric_value": 0.9415137614678899,
    "selective_accuracy": 0.9452214452214452,
    "selective_risk": 0.054778554778554756,
    "split": "validation"
  },
  "mce": 0.4104688709717239,
  "mean_confidence": 0.9868873213683469,
  "method": "lora",
  "model_name": "roberta-base",
  "nll": 0.24469550908166257,
  "primary_metric": "accuracy",
  "primary_metric_value": 0.9415137614678899,
  "selective_accuracy": 0.9452214452214452,
  "selective_risk": 0.054778554778554756,
  "task_name": "sst2"
}