{
  "abstained_error_rate": 0.4375,
  "abstention_rate": 0.09204218600191755,
  "abstention_threshold": 0.8,
  "accuracy": 0.8245445829338447,
  "best_matthews_correlation": 0.5810381850664859,
  "best_primary_metric": 0.5810381850664859,
  "brier": 0.29026823593262,
  "calibration_accuracy": 0.8799306450556519,
  "calibration_bins": 15,
  "coverage": 0.9079578139980825,
  "distribution": "id",
  "ece": 0.12006935494434806,
  "eval_loss": 0.5417201612144709,
  "matthews_correlation": 0.5676145457477023,
  "mce": 0.2604533672324567,
  "mean_confidence": 0.9433585137535863,
  "nll": 0.5258816679070393,
  "primary_metric": "matthews_correlation",
  "primary_metric_value": 0.5676145457477023,
  "selective_accuracy": 0.8511087645195353,
  "selective_risk": 0.14889123548046468,
  "split": "validation"
}