{
  "abstained_error_rate": 0.4,
  "abstention_rate": 0.15340364333652926,
  "abstention_threshold": 0.8,
  "accuracy": 0.8293384467881112,
  "brier": 0.2657281669966387,
  "calibration_accuracy": 0.9168062371530453,
  "calibration_bins": 15,
  "coverage": 0.8465963566634708,
  "ece": 0.08319376284695468,
  "eval_loss": 0.44697178855086817,
  "final_id": {
    "abstained_error_rate": 0.4375,
    "abstention_rate": 0.09204218600191755,
    "abstention_threshold": 0.8,
    "accuracy": 0.8245445829338447,
    "best_matthews_correlation": 0.5810381850664859,
    "best_primary_metric": 0.5810381850664859,
    "brier": 0.29026823593262,
    "calibration_accuracy": 0.8799306450556519,
    "calibration_bins": 15,
    "coverage": 0.9079578139980825,
    "distribution": "id",
    "ece": 0.12006935494434806,
    "eval_loss": 0.5417201612144709,
    "matthews_correlation": 0.5676145457477023,
    "mce": 0.2604533672324567,
    "mean_confidence": 0.9433585137535863,
    "nll": 0.5258816679070393,
    "primary_metric": "matthews_correlation",
    "primary_metric_value": 0.5676145457477023,
    "selective_accuracy": 0.8511087645195353,
    "selective_risk": 0.14889123548046468,
    "split": "validation"
  },
  "matthews_correlation": 0.5810381850664859,
  "mce": 0.21558931663362624,
  "mean_confidence": 0.9040405562736701,
  "method": "lora",
  "model_name": "roberta-base",
  "nll": 0.429108999018005,
  "primary_metric": "matthews_correlation",
  "primary_metric_value": 0.5810381850664859,
  "selective_accuracy": 0.8708946772366931,
  "selective_risk": 0.12910532276330688,
  "task_name": "cola"
}