{
  "abstained_error_rate": 0.39705882352941174,
  "abstention_rate": 0.1955896452540748,
  "abstention_threshold": 0.8,
  "accuracy": 0.8293384467881112,
  "brier": 0.25202402400864515,
  "calibration_accuracy": 0.9365475170131945,
  "calibration_bins": 15,
  "coverage": 0.8044103547459253,
  "ece": 0.06345248298680549,
  "eval_loss": 0.40601636130701413,
  "final_id": {
    "abstained_error_rate": 0.5434782608695652,
    "abstention_rate": 0.08820709491850431,
    "abstention_threshold": 0.8,
    "accuracy": 0.8245445829338447,
    "best_matthews_correlation": 0.5830726622277062,
    "best_primary_metric": 0.5830726622277062,
    "brier": 0.2845141696874105,
    "calibration_accuracy": 0.8750739846100765,
    "calibration_bins": 15,
    "coverage": 0.9117929050814957,
    "distribution": "id",
    "ece": 0.12492601538992357,
    "eval_loss": 0.5460733373183757,
    "matthews_correlation": 0.5676052483913692,
    "mce": 0.42591764714629254,
    "mean_confidence": 0.9487495371092874,
    "nll": 0.5288595357803832,
    "primary_metric": "matthews_correlation",
    "primary_metric_value": 0.5676052483913692,
    "selective_accuracy": 0.8601472134595163,
    "selective_risk": 0.13985278654048372,
    "split": "validation"
  },
  "matthews_correlation": 0.5830726622277062,
  "mce": 0.14927858222820556,
  "mean_confidence": 0.878340253887784,
  "method": "lora",
  "model_name": "roberta-base",
  "nll": 0.39601899583698813,
  "primary_metric": "matthews_correlation",
  "primary_metric_value": 0.5830726622277062,
  "selective_accuracy": 0.8843861740166865,
  "selective_risk": 0.11561382598331349,
  "task_name": "cola"
}