{
  "abstained_error_rate": 0.4032258064516129,
  "abstention_rate": 0.059443911792905084,
  "abstention_threshold": 0.8,
  "accuracy": 0.8389261744966443,
  "best_matthews_correlation": 0.6184107058735111,
  "best_primary_metric": 0.6184107058735111,
  "brier": 0.2846878638818581,
  "calibration_accuracy": 0.8675017518998178,
  "calibration_bins": 15,
  "coverage": 0.9405560882070949,
  "distribution": "id",
  "ece": 0.13249824810018218,
  "eval_loss": 0.6517682725239093,
  "matthews_correlation": 0.6056594364604692,
  "mce": 0.48858919983287186,
  "mean_confidence": 0.9643913343791483,
  "nll": 0.6332524705719064,
  "primary_metric": "matthews_correlation",
  "primary_metric_value": 0.6056594364604692,
  "selective_accuracy": 0.854230377166157,
  "selective_risk": 0.14576962283384298,
  "split": "validation"
}