{
  "abstained_error_rate": 0.41935483870967744,
  "abstention_rate": 0.08916586768935762,
  "abstention_threshold": 0.8,
  "accuracy": 0.8427612655800575,
  "brier": 0.2627502149645908,
  "calibration_accuracy": 0.890130272175907,
  "calibration_bins": 15,
  "coverage": 0.9108341323106424,
  "ece": 0.10986972782409296,
  "eval_loss": 0.5098115370016206,
  "final_id": {
    "abstained_error_rate": 0.4032258064516129,
    "abstention_rate": 0.059443911792905084,
    "abstention_threshold": 0.8,
    "accuracy": 0.8389261744966443,
    "best_matthews_correlation": 0.6184107058735111,
    "best_primary_metric": 0.6184107058735111,
    "brier": 0.2846878638818581,
    "calibration_accuracy": 0.8675017518998178,
    "calibration_bins": 15,
    "coverage": 0.9405560882070949,
    "distribution": "id",
    "ece": 0.13249824810018218,
    "eval_loss": 0.6517682725239093,
    "matthews_correlation": 0.6056594364604692,
    "mce": 0.48858919983287186,
    "mean_confidence": 0.9643913343791483,
    "nll": 0.6332524705719064,
    "primary_metric": "matthews_correlation",
    "primary_metric_value": 0.6056594364604692,
    "selective_accuracy": 0.854230377166157,
    "selective_risk": 0.14576962283384298,
    "split": "validation"
  },
  "matthews_correlation": 0.6184107058735111,
  "mce": 0.5198851869702781,
  "mean_confidence": 0.9455612141401019,
  "method": "lora",
  "model_name": "roberta-base",
  "nll": 0.49339759401797284,
  "primary_metric": "matthews_correlation",
  "primary_metric_value": 0.6184107058735111,
  "selective_accuracy": 0.868421052631579,
  "selective_risk": 0.13157894736842102,
  "task_name": "cola"
}