Model & Method,# Trainable Parameters,sst2,Avg4
"RoBbase (Adapter, size=16)",0.90M,0.9357798165137615,0.9357798165137615
"RoBbase (Adapter, size=48)",1.49M,0.9369266055045872,0.9369266055045872
RoBbase (BitFit),0.69M,0.9357798165137615,0.9357798165137615
RoBbase (FT),124.65M,0.9403669724770642,0.9403669724770642
RoBbase (LoRA r=4),0.74M,0.9392201834862385,0.9392201834862385
