experiment,method,task_name,model_name,primary_metric,primary_metric_value,accuracy,f1,matthews_correlation,eval_loss,lora_r,lora_alpha,lora_dropout,adapter_size,adapter_location,target_modules,trainable_parameters,total_parameters,trainable_ratio
sst2_adapter_0p3m,adapter,sst2,roberta-base,accuracy,0.9357798165137615,0.9357798165137615,,,0.1938237414163138,4,32.0,0.1,16,output,"query,value",896450,124951490,0.007174384235033932
sst2_adapter_0p9m,adapter,sst2,roberta-base,accuracy,0.9369266055045872,0.9369266055045872,,,0.23781672123420453,4,32.0,0.1,48,output,"query,value",1486658,125541698,0.011841945932577716
sst2_bitfit,bitfit,sst2,roberta-base,accuracy,0.9357798165137615,0.9357798165137615,,,0.21013818534889392,4,32.0,0.1,16,output,"query,value",694274,124647170,0.005569913861662483
sst2_ft,ft,sst2,roberta-base,accuracy,0.9403669724770642,0.9403669724770642,,,0.22116838971019856,4,32.0,0.1,16,output,"query,value",124647170,124647170,1.0
sst2_lora,lora,sst2,roberta-base,accuracy,0.9392201834862385,0.9392201834862385,,,0.2189112553106887,4,32.0,0.1,16,output,"query,value",739586,124794626,0.005926425068976928
