{
  "abstained_error_rate": 0.3953488372093023,
  "abstention_rate": 0.1053921568627451,
  "abstention_threshold": 0.8,
  "accuracy": 0.8799019607843137,
  "brier": 0.19690888988074368,
  "calibration_accuracy": 0.9204984844164212,
  "calibration_bins": 15,
  "coverage": 0.8946078431372549,
  "ece": 0.07950151558357874,
  "eval_loss": 0.3611241773917125,
  "f1": 0.9132743362831858,
  "final_id": {
    "abstained_error_rate": 0.3953488372093023,
    "abstention_rate": 0.1053921568627451,
    "abstention_threshold": 0.8,
    "accuracy": 0.8799019607843137,
    "best_f1": 0.9132743362831858,
    "best_primary_metric": 0.9132743362831858,
    "brier": 0.19690888988074368,
    "calibration_accuracy": 0.9204984844164212,
    "calibration_bins": 15,
    "coverage": 0.8946078431372549,
    "distribution": "id",
    "ece": 0.07950151558357874,
    "eval_loss": 0.3611241773917125,
    "f1": 0.9132743362831858,
    "mce": 0.26646931032078314,
    "mean_confidence": 0.9462878375906261,
    "nll": 0.3677986407547095,
    "primary_metric": "f1",
    "primary_metric_value": 0.9132743362831858,
    "selective_accuracy": 0.9123287671232877,
    "selective_risk": 0.0876712328767123,
    "split": "validation"
  },
  "mce": 0.26646931032078314,
  "mean_confidence": 0.9462878375906261,
  "method": "lora",
  "model_name": "roberta-base",
  "nll": 0.3677986407547095,
  "primary_metric": "f1",
  "primary_metric_value": 0.9132743362831858,
  "selective_accuracy": 0.9123287671232877,
  "selective_risk": 0.0876712328767123,
  "task_name": "mrpc"
}