{
  "abstained_error_rate": 0.43333333333333335,
  "abstention_rate": 0.034403669724770644,
  "abstention_threshold": 0.8,
  "accuracy": 0.9392201834862385,
  "best_accuracy": 0.9392201834862385,
  "best_primary_metric": 0.9392201834862385,
  "brier": 0.1037339855010191,
  "calibration_accuracy": 0.957871611348849,
  "calibration_bins": 15,
  "coverage": 0.9655963302752294,
  "distribution": "id",
  "ece": 0.04212838865115101,
  "eval_loss": 0.22152877975339916,
  "mce": 0.3008529875310907,
  "mean_confidence": 0.9782101845463326,
  "nll": 0.22324229340542004,
  "primary_metric": "accuracy",
  "primary_metric_value": 0.9392201834862385,
  "selective_accuracy": 0.9524940617577197,
  "selective_risk": 0.04750593824228033,
  "split": "validation"
}