{
  "abstained_error_rate": 0.5324675324675324,
  "abstention_rate": 0.0738255033557047,
  "abstention_threshold": 0.8,
  "accuracy": 0.8312559923298178,
  "best_matthews_correlation": 0.5930840237241851,
  "best_primary_metric": 0.5930840237241851,
  "brier": 0.28283399277163424,
  "calibration_accuracy": 0.8720285054411249,
  "calibration_bins": 15,
  "coverage": 0.9261744966442953,
  "distribution": "id",
  "ece": 0.1279714945588751,
  "eval_loss": 0.5976698862840281,
  "matthews_correlation": 0.5861472777603488,
  "mce": 0.40882459801252885,
  "mean_confidence": 0.9592274868886929,
  "nll": 0.5789126114762453,
  "primary_metric": "matthews_correlation",
  "primary_metric_value": 0.5861472777603488,
  "selective_accuracy": 0.860248447204969,
  "selective_risk": 0.13975155279503104,
  "split": "validation"
}