{
  "abstained_error_rate": 0.4222222222222222,
  "abstention_rate": 0.0862895493767977,
  "abstention_threshold": 0.8,
  "accuracy": 0.8341323106423778,
  "brier": 0.27581865417996687,
  "calibration_accuracy": 0.8795152140782944,
  "calibration_bins": 15,
  "coverage": 0.9137104506232023,
  "ece": 0.12048478592170564,
  "eval_loss": 0.5495641217425917,
  "final_id": {
    "abstained_error_rate": 0.5324675324675324,
    "abstention_rate": 0.0738255033557047,
    "abstention_threshold": 0.8,
    "accuracy": 0.8312559923298178,
    "best_matthews_correlation": 0.5930840237241851,
    "best_primary_metric": 0.5930840237241851,
    "brier": 0.28283399277163424,
    "calibration_accuracy": 0.8720285054411249,
    "calibration_bins": 15,
    "coverage": 0.9261744966442953,
    "distribution": "id",
    "ece": 0.1279714945588751,
    "eval_loss": 0.5976698862840281,
    "matthews_correlation": 0.5861472777603488,
    "mce": 0.40882459801252885,
    "mean_confidence": 0.9592274868886929,
    "nll": 0.5789126114762453,
    "primary_metric": "matthews_correlation",
    "primary_metric_value": 0.5861472777603488,
    "selective_accuracy": 0.860248447204969,
    "selective_risk": 0.13975155279503104,
    "split": "validation"
  },
  "matthews_correlation": 0.5930840237241851,
  "mce": 0.31725252097829226,
  "mean_confidence": 0.9501151003294187,
  "method": "lora",
  "model_name": "roberta-base",
  "nll": 0.5316258646624624,
  "primary_metric": "matthews_correlation",
  "primary_metric_value": 0.5930840237241851,
  "selective_accuracy": 0.8583420776495279,
  "selective_risk": 0.14165792235047214,
  "task_name": "cola"
}