{
  "abstained_error_rate": 0.38961038961038963,
  "abstention_rate": 0.18872549019607843,
  "abstention_threshold": 0.8,
  "accuracy": 0.8651960784313726,
  "best_f1": 0.9053356282271946,
  "best_primary_metric": 0.9053356282271946,
  "brier": 0.19479760666068718,
  "calibration_accuracy": 0.9483608398733686,
  "calibration_bins": 15,
  "coverage": 0.8112745098039216,
  "distribution": "id",
  "ece": 0.05163916012663139,
  "eval_loss": 0.3310326939591995,
  "f1": 0.9036777583187391,
  "mce": 0.23931695618239412,
  "mean_confidence": 0.9105534819343811,
  "nll": 0.33511046286192725,
  "primary_metric": "f1",
  "primary_metric_value": 0.9036777583187391,
  "selective_accuracy": 0.9244712990936556,
  "selective_risk": 0.07552870090634445,
  "split": "validation"
}