{
  "abstained_error_rate": 0.5128205128205128,
  "abstention_rate": 0.1407942238267148,
  "abstention_threshold": 0.8,
  "accuracy": 0.7545126353790613,
  "best_accuracy": 0.7581227436823105,
  "best_primary_metric": 0.7581227436823105,
  "brier": 0.3983768246486028,
  "calibration_accuracy": 0.8160853440403201,
  "calibration_bins": 15,
  "coverage": 0.8592057761732852,
  "distribution": "id",
  "ece": 0.18391465595967993,
  "eval_loss": 0.949600476357672,
  "mce": 0.42534682220927905,
  "mean_confidence": 0.9306086701581455,
  "nll": 0.9514045338493451,
  "primary_metric": "accuracy",
  "primary_metric_value": 0.7545126353790613,
  "selective_accuracy": 0.7983193277310925,
  "selective_risk": 0.2016806722689075,
  "split": "validation"
}