{
  "abstained_error_rate": 0.4098360655737705,
  "abstention_rate": 0.22021660649819494,
  "abstention_threshold": 0.8,
  "accuracy": 0.7581227436823105,
  "brier": 0.3769915558041225,
  "calibration_accuracy": 0.8564470501308612,
  "calibration_bins": 15,
  "coverage": 0.779783393501805,
  "ece": 0.1435529498691388,
  "eval_loss": 0.7233180064294074,
  "final_id": {
    "abstained_error_rate": 0.5128205128205128,
    "abstention_rate": 0.1407942238267148,
    "abstention_threshold": 0.8,
    "accuracy": 0.7545126353790613,
    "best_accuracy": 0.7581227436823105,
    "best_primary_metric": 0.7581227436823105,
    "brier": 0.3983768246486028,
    "calibration_accuracy": 0.8160853440403201,
    "calibration_bins": 15,
    "coverage": 0.8592057761732852,
    "distribution": "id",
    "ece": 0.18391465595967993,
    "eval_loss": 0.949600476357672,
    "mce": 0.42534682220927905,
    "mean_confidence": 0.9306086701581455,
    "nll": 0.9514045338493451,
    "primary_metric": "accuracy",
    "primary_metric_value": 0.7545126353790613,
    "selective_accuracy": 0.7983193277310925,
    "selective_risk": 0.2016806722689075,
    "split": "validation"
  },
  "mce": 0.41846683366471943,
  "mean_confidence": 0.8944645500673991,
  "method": "lora",
  "model_name": "Qwen/Qwen2.5-0.5B-Instruct",
  "nll": 0.7146523383085954,
  "primary_metric": "accuracy",
  "primary_metric_value": 0.7581227436823105,
  "selective_accuracy": 0.8055555555555556,
  "selective_risk": 0.19444444444444442,
  "task_name": "rte"
}