{
  "abstained_error_rate": 0.375,
  "abstention_rate": 0.009174311926605505,
  "abstention_threshold": 0.8,
  "accuracy": 0.944954128440367,
  "best_accuracy": 0.9461009174311926,
  "best_primary_metric": 0.9461009174311926,
  "brier": 0.10261674086614572,
  "calibration_accuracy": 0.9507073384489422,
  "calibration_bins": 15,
  "coverage": 0.9908256880733946,
  "distribution": "id",
  "ece": 0.049292661551057805,
  "eval_loss": 0.24149935102428902,
  "mce": 0.6362236008752695,
  "mean_confidence": 0.9906516037869646,
  "nll": 0.2436883137281049,
  "primary_metric": "accuracy",
  "primary_metric_value": 0.944954128440367,
  "selective_accuracy": 0.9479166666666666,
  "selective_risk": 0.05208333333333337,
  "split": "validation"
}