{
  "abstained_error_rate": 0.36363636363636365,
  "abstention_rate": 0.01261467889908257,
  "abstention_threshold": 0.8,
  "accuracy": 0.948394495412844,
  "best_accuracy": 0.9506880733944955,
  "best_primary_metric": 0.9506880733944955,
  "brier": 0.09586569955005138,
  "calibration_accuracy": 0.9544285563731737,
  "calibration_bins": 15,
  "coverage": 0.9873853211009175,
  "distribution": "id",
  "ece": 0.04557144362682627,
  "eval_loss": 0.23064265474359588,
  "mce": 0.5849773442410843,
  "mean_confidence": 0.9909440239638745,
  "nll": 0.23272053718970917,
  "primary_metric": "accuracy",
  "primary_metric_value": 0.948394495412844,
  "selective_accuracy": 0.9523809523809523,
  "selective_risk": 0.04761904761904767,
  "split": "validation"
}