{
  "abstained_error_rate": 0.35714285714285715,
  "abstention_rate": 0.026845637583892617,
  "abstention_threshold": 0.8,
  "accuracy": 0.8024928092042186,
  "brier": 0.3775212278560058,
  "calibration_accuracy": 0.8164058805054804,
  "calibration_bins": 15,
  "coverage": 0.9731543624161074,
  "ece": 0.1835941194945197,
  "eval_loss": 1.2527819229576518,
  "final_id": {
    "abstained_error_rate": 0.35714285714285715,
    "abstention_rate": 0.026845637583892617,
    "abstention_threshold": 0.8,
    "accuracy": 0.8024928092042186,
    "best_matthews_correlation": 0.5230649241424101,
    "best_primary_metric": 0.5230649241424101,
    "brier": 0.3775212278560058,
    "calibration_accuracy": 0.8164058805054804,
    "calibration_bins": 15,
    "coverage": 0.9731543624161074,
    "distribution": "id",
    "ece": 0.1835941194945197,
    "eval_loss": 1.2527819229576518,
    "matthews_correlation": 0.5230649241424101,
    "mce": 0.49467473378397875,
    "mean_confidence": 0.9835204803799912,
    "nll": 1.2307270127261003,
    "primary_metric": "matthews_correlation",
    "primary_metric_value": 0.5230649241424101,
    "selective_accuracy": 0.8068965517241379,
    "selective_risk": 0.19310344827586212,
    "split": "validation"
  },
  "matthews_correlation": 0.5230649241424101,
  "mce": 0.49467473378397875,
  "mean_confidence": 0.9835204803799912,
  "method": "ft",
  "model_name": "Qwen/Qwen2.5-0.5B-Instruct",
  "nll": 1.2307270127261003,
  "primary_metric": "matthews_correlation",
  "primary_metric_value": 0.5230649241424101,
  "selective_accuracy": 0.8068965517241379,
  "selective_risk": 0.19310344827586212,
  "task_name": "cola"
}