{
  "abstained_error_rate": 0.5056179775280899,
  "abstention_rate": 0.08533077660594439,
  "abstention_threshold": 0.8,
  "accuracy": 0.8341323106423778,
  "best_matthews_correlation": 0.6006707792285204,
  "best_primary_metric": 0.6006707792285204,
  "brier": 0.27611631352319926,
  "calibration_accuracy": 0.8786299934386045,
  "calibration_bins": 15,
  "coverage": 0.9146692233940557,
  "distribution": "id",
  "ece": 0.12137000656139549,
  "eval_loss": 0.5780483476648276,
  "matthews_correlation": 0.5930837029344534,
  "mce": 0.3051339328452081,
  "mean_confidence": 0.9555023172037732,
  "nll": 0.5594470373891283,
  "primary_metric": "matthews_correlation",
  "primary_metric_value": 0.5930837029344534,
  "selective_accuracy": 0.8658280922431866,
  "selective_risk": 0.13417190775681342,
  "split": "validation"
}