{
  "abstained_error_rate": 0.4666666666666667,
  "abstention_rate": 0.37906137184115524,
  "abstention_threshold": 0.8,
  "accuracy": 0.7111913357400722,
  "best_accuracy": 0.7220216606498195,
  "best_primary_metric": 0.7220216606498195,
  "brier": 0.39357833020458155,
  "calibration_accuracy": 0.8971163253527463,
  "calibration_bins": 15,
  "coverage": 0.6209386281588448,
  "distribution": "id",
  "ece": 0.1028836746472537,
  "eval_loss": 0.5730176849497689,
  "mce": 0.24235700295410356,
  "mean_confidence": 0.8116703482816072,
  "nll": 0.5850745964802826,
  "primary_metric": "accuracy",
  "primary_metric_value": 0.7111913357400722,
  "selective_accuracy": 0.8197674418604651,
  "selective_risk": 0.18023255813953487,
  "split": "validation"
}