{
  "abstained_error_rate": 0.3618421052631579,
  "abstention_rate": 0.1457334611697028,
  "abstention_threshold": 0.8,
  "accuracy": 0.8283796740172579,
  "brier": 0.27597213556914657,
  "calibration_accuracy": 0.9042169171567516,
  "calibration_bins": 15,
  "coverage": 0.8542665388302972,
  "ece": 0.09578308284324843,
  "eval_loss": 0.4957399425858801,
  "final_id": {
    "abstained_error_rate": 0.3618421052631579,
    "abstention_rate": 0.1457334611697028,
    "abstention_threshold": 0.8,
    "accuracy": 0.8283796740172579,
    "best_matthews_correlation": 0.5779953180551635,
    "best_primary_metric": 0.5779953180551635,
    "brier": 0.27597213556914657,
    "calibration_accuracy": 0.9042169171567516,
    "calibration_bins": 15,
    "coverage": 0.8542665388302972,
    "distribution": "id",
    "ece": 0.09578308284324843,
    "eval_loss": 0.4957399425858801,
    "matthews_correlation": 0.5779953180551635,
    "mce": 0.2240283338651402,
    "mean_confidence": 0.9173957818508173,
    "nll": 0.47506179124781445,
    "primary_metric": "matthews_correlation",
    "primary_metric_value": 0.5779953180551635,
    "selective_accuracy": 0.8608305274971941,
    "selective_risk": 0.13916947250280587,
    "split": "validation"
  },
  "matthews_correlation": 0.5779953180551635,
  "mce": 0.2240283338651402,
  "mean_confidence": 0.9173957818508173,
  "method": "lora",
  "model_name": "roberta-base",
  "nll": 0.47506179124781445,
  "primary_metric": "matthews_correlation",
  "primary_metric_value": 0.5779953180551635,
  "selective_accuracy": 0.8608305274971941,
  "selective_risk": 0.13916947250280587,
  "task_name": "cola"
}