{
  "abstained_error_rate": 0.4246575342465753,
  "abstention_rate": 0.26353790613718414,
  "abstention_threshold": 0.8,
  "accuracy": 0.7617328519855595,
  "best_accuracy": 0.7617328519855595,
  "best_primary_metric": 0.7617328519855595,
  "brier": 0.35276377436780193,
  "calibration_accuracy": 0.8862938578553027,
  "calibration_bins": 15,
  "coverage": 0.7364620938628159,
  "distribution": "id",
  "ece": 0.11370614214469735,
  "eval_loss": 0.548229220840666,
  "mce": 0.30475682310365837,
  "mean_confidence": 0.8664213268130297,
  "nll": 0.560388424568769,
  "primary_metric": "accuracy",
  "primary_metric_value": 0.7617328519855595,
  "selective_accuracy": 0.8284313725490197,
  "selective_risk": 0.17156862745098034,
  "split": "validation"
}