Model & Method,# Trainable Parameters,mrpc,Avg4
"RoBbase (Adapter, size=16)",0.90M,0.9100719424460433,0.9100719424460433
"RoBbase (Adapter, size=48)",1.49M,0.9136690647482014,0.9136690647482014
RoBbase (BitFit),0.69M,0.8547854785478548,0.8547854785478548
RoBbase (FT),124.65M,0.9236234458259325,0.9236234458259325
RoBbase (LoRA r=4),0.74M,0.9036777583187391,0.9036777583187391
