experiment,method,task_name,model_name,primary_metric,primary_metric_value,accuracy,f1,matthews_correlation,eval_loss,lora_r,lora_alpha,lora_dropout,adapter_size,adapter_location,target_modules,trainable_parameters,total_parameters,trainable_ratio
mrpc_adapter_0p3m,adapter,mrpc,roberta-base,f1,0.9100719424460433,0.8774509803921569,0.9100719424460433,,0.3122405386888064,4,32.0,0.1,16,output,"query,value",896450,124951490,0.007174384235033932
mrpc_adapter_0p9m,adapter,mrpc,roberta-base,f1,0.9136690647482014,0.8823529411764706,0.9136690647482014,,0.29925065201062423,4,32.0,0.1,48,output,"query,value",1486658,125541698,0.011841945932577716
mrpc_bitfit,bitfit,mrpc,roberta-base,f1,0.8547854785478548,0.7843137254901961,0.8547854785478548,,0.4525466859340668,4,32.0,0.1,16,output,"query,value",694274,124647170,0.005569913861662483
mrpc_ft,ft,mrpc,roberta-base,f1,0.9236234458259325,0.8946078431372549,0.9236234458259325,,0.3141514819401961,4,32.0,0.1,16,output,"query,value",124647170,124647170,1.0
mrpc_lora,lora,mrpc,roberta-base,f1,0.9036777583187391,0.8651960784313726,0.9036777583187391,,0.37535379655086076,4,32.0,0.1,16,output,"query,value",739586,124794626,0.005926425068976928
