{
  "abstained_error_rate": 0.45454545454545453,
  "abstention_rate": 0.08437200383509108,
  "abstention_threshold": 0.8,
  "accuracy": 0.8293384467881112,
  "best_matthews_correlation": 0.5812018675459495,
  "best_primary_metric": 0.5812018675459495,
  "brier": 0.28970309933445954,
  "calibration_accuracy": 0.872819617203273,
  "calibration_bins": 15,
  "coverage": 0.9156279961649089,
  "distribution": "id",
  "ece": 0.1271803827967271,
  "eval_loss": 0.5823052025146105,
  "matthews_correlation": 0.5812018675459495,
  "mce": 0.28652311992292373,
  "mean_confidence": 0.9538426161157815,
  "nll": 0.5629086077659724,
  "primary_metric": "matthews_correlation",
  "primary_metric_value": 0.5812018675459495,
  "selective_accuracy": 0.8554973821989529,
  "selective_risk": 0.14450261780104712,
  "split": "validation"
}