{
  "abstained_error_rate": 0.3493150684931507,
  "abstention_rate": 0.13998082454458294,
  "abstention_threshold": 0.8,
  "accuracy": 0.8274209012464045,
  "brier": 0.28357606463854884,
  "calibration_accuracy": 0.8917139095311093,
  "calibration_bins": 15,
  "coverage": 0.8600191754554171,
  "ece": 0.10828609046889069,
  "eval_loss": 0.543991712175987,
  "final_id": {
    "abstained_error_rate": 0.3972602739726027,
    "abstention_rate": 0.13998082454458294,
    "abstention_threshold": 0.8,
    "accuracy": 0.8274209012464045,
    "best_matthews_correlation": 0.5754342635449895,
    "best_primary_metric": 0.5754342635449895,
    "brier": 0.27141496010420174,
    "calibration_accuracy": 0.9086932023486769,
    "calibration_bins": 15,
    "coverage": 0.8600191754554171,
    "distribution": "id",
    "ece": 0.09130679765132307,
    "eval_loss": 0.49043432831989997,
    "matthews_correlation": 0.5752407929937235,
    "mce": 0.19034726767493992,
    "mean_confidence": 0.9187276988977277,
    "nll": 0.4703568027563964,
    "primary_metric": "matthews_correlation",
    "primary_metric_value": 0.5752407929937235,
    "selective_accuracy": 0.8639910813823858,
    "selective_risk": 0.13600891861761422,
    "split": "validation"
  },
  "matthews_correlation": 0.5754342635449895,
  "mce": 0.20162482210938482,
  "mean_confidence": 0.9237651879883247,
  "method": "lora",
  "model_name": "roberta-base",
  "nll": 0.521644614577287,
  "primary_metric": "matthews_correlation",
  "primary_metric_value": 0.5754342635449895,
  "selective_accuracy": 0.8561872909698997,
  "selective_risk": 0.14381270903010035,
  "task_name": "cola"
}