{
  "abstained_error_rate": 0.42105263157894735,
  "abstention_rate": 0.04656862745098039,
  "abstention_threshold": 0.8,
  "accuracy": 0.8872549019607843,
  "best_f1": 0.9225225225225226,
  "best_primary_metric": 0.9225225225225226,
  "brier": 0.1945590025447467,
  "calibration_accuracy": 0.9123499539525021,
  "calibration_bins": 15,
  "coverage": 0.9534313725490197,
  "distribution": "id",
  "ece": 0.08765004604749796,
  "eval_loss": 0.36459672995484793,
  "f1": 0.916058394160584,
  "mce": 0.7811052420493672,
  "mean_confidence": 0.9612825076306809,
  "nll": 0.3698828738754215,
  "primary_metric": "f1",
  "primary_metric_value": 0.916058394160584,
  "selective_accuracy": 0.9023136246786633,
  "selective_risk": 0.09768637532133673,
  "split": "validation"
}