{
  "abstained_error_rate": 0.27692307692307694,
  "abstention_rate": 0.15931372549019607,
  "abstention_threshold": 0.8,
  "accuracy": 0.8946078431372549,
  "brier": 0.1734423251314202,
  "calibration_accuracy": 0.9648614091667318,
  "calibration_bins": 15,
  "coverage": 0.8406862745098039,
  "ece": 0.03513859083326817,
  "eval_loss": 0.29090491195137685,
  "f1": 0.9225225225225226,
  "final_id": {
    "abstained_error_rate": 0.42105263157894735,
    "abstention_rate": 0.04656862745098039,
    "abstention_threshold": 0.8,
    "accuracy": 0.8872549019607843,
    "best_f1": 0.9225225225225226,
    "best_primary_metric": 0.9225225225225226,
    "brier": 0.1945590025447467,
    "calibration_accuracy": 0.9123499539525021,
    "calibration_bins": 15,
    "coverage": 0.9534313725490197,
    "distribution": "id",
    "ece": 0.08765004604749796,
    "eval_loss": 0.36459672995484793,
    "f1": 0.916058394160584,
    "mce": 0.7811052420493672,
    "mean_confidence": 0.9612825076306809,
    "nll": 0.3698828738754215,
    "primary_metric": "f1",
    "primary_metric_value": 0.916058394160584,
    "selective_accuracy": 0.9023136246786633,
    "selective_risk": 0.09768637532133673,
    "split": "validation"
  },
  "mce": 0.13706895081614257,
  "mean_confidence": 0.9112574393032264,
  "method": "lora",
  "model_name": "roberta-base",
  "nll": 0.2942707596059501,
  "primary_metric": "f1",
  "primary_metric_value": 0.9225225225225226,
  "selective_accuracy": 0.9271137026239067,
  "selective_risk": 0.07288629737609331,
  "task_name": "mrpc"
}