{
  "abstained_error_rate": 0.4626865671641791,
  "abstention_rate": 0.24187725631768953,
  "abstention_threshold": 0.8,
  "accuracy": 0.776173285198556,
  "brier": 0.3244312308060606,
  "calibration_accuracy": 0.8912958065344709,
  "calibration_bins": 15,
  "coverage": 0.7581227436823105,
  "ece": 0.10870419346552902,
  "eval_loss": 0.5133254188630316,
  "final_id": {
    "abstained_error_rate": 0.4626865671641791,
    "abstention_rate": 0.24187725631768953,
    "abstention_threshold": 0.8,
    "accuracy": 0.776173285198556,
    "best_accuracy": 0.776173285198556,
    "best_primary_metric": 0.776173285198556,
    "brier": 0.3244312308060606,
    "calibration_accuracy": 0.8912958065344709,
    "calibration_bins": 15,
    "coverage": 0.7581227436823105,
    "distribution": "id",
    "ece": 0.10870419346552902,
    "eval_loss": 0.5133254188630316,
    "mce": 0.35014151103452634,
    "mean_confidence": 0.8777070153140583,
    "nll": 0.5265167110910522,
    "primary_metric": "accuracy",
    "primary_metric_value": 0.776173285198556,
    "selective_accuracy": 0.8523809523809524,
    "selective_risk": 0.14761904761904765,
    "split": "validation"
  },
  "mce": 0.35014151103452634,
  "mean_confidence": 0.8777070153140583,
  "method": "lora",
  "model_name": "roberta-base",
  "nll": 0.5265167110910522,
  "primary_metric": "accuracy",
  "primary_metric_value": 0.776173285198556,
  "selective_accuracy": 0.8523809523809524,
  "selective_risk": 0.14761904761904765,
  "task_name": "rte"
}