{
  "abstained_error_rate": 0.35714285714285715,
  "abstention_rate": 0.03211009174311927,
  "abstention_threshold": 0.8,
  "accuracy": 0.9415137614678899,
  "brier": 0.10541917737168116,
  "calibration_accuracy": 0.9542628251441769,
  "calibration_bins": 15,
  "coverage": 0.9678899082568807,
  "ece": 0.045737174855823085,
  "eval_loss": 0.21645976089957086,
  "final_id": {
    "abstained_error_rate": 0.6111111111111112,
    "abstention_rate": 0.020642201834862386,
    "abstention_threshold": 0.8,
    "accuracy": 0.9369266055045872,
    "best_accuracy": 0.9415137614678899,
    "best_primary_metric": 0.9415137614678899,
    "brier": 0.10854616518734309,
    "calibration_accuracy": 0.9487734160425303,
    "calibration_bins": 15,
    "coverage": 0.9793577981651376,
    "distribution": "id",
    "ece": 0.05122658395746975,
    "eval_loss": 0.2492048638068478,
    "mce": 0.3742889869021165,
    "mean_confidence": 0.9881531894620568,
    "nll": 0.25144889988008523,
    "primary_metric": "accuracy",
    "primary_metric_value": 0.9369266055045872,
    "selective_accuracy": 0.9484777517564403,
    "selective_risk": 0.051522248243559665,
    "split": "validation"
  },
  "mce": 0.27958567045528426,
  "mean_confidence": 0.9814873698599637,
  "method": "lora",
  "model_name": "roberta-base",
  "nll": 0.21834328591028587,
  "primary_metric": "accuracy",
  "primary_metric_value": 0.9415137614678899,
  "selective_accuracy": 0.9514218009478673,
  "selective_risk": 0.048578199052132676,
  "task_name": "sst2"
}