{
  "abstained_error_rate": 0.59375,
  "abstention_rate": 0.030680728667305847,
  "abstention_threshold": 0.8,
  "accuracy": 0.837967401725791,
  "brier": 0.29990441242842414,
  "calibration_accuracy": 0.8523808273005832,
  "calibration_bins": 15,
  "coverage": 0.9693192713326941,
  "ece": 0.14761917269941685,
  "eval_loss": 0.8659646283873977,
  "final_id": {
    "abstained_error_rate": 0.59375,
    "abstention_rate": 0.030680728667305847,
    "abstention_threshold": 0.8,
    "accuracy": 0.837967401725791,
    "best_matthews_correlation": 0.6032460132601336,
    "best_primary_metric": 0.6032460132601336,
    "brier": 0.29990441242842414,
    "calibration_accuracy": 0.8523808273005832,
    "calibration_bins": 15,
    "coverage": 0.9693192713326941,
    "distribution": "id",
    "ece": 0.14761917269941685,
    "eval_loss": 0.8659646283873977,
    "matthews_correlation": 0.6032460132601336,
    "mce": 0.500271146796263,
    "mean_confidence": 0.983764104857956,
    "nll": 0.8470478567691248,
    "primary_metric": "matthews_correlation",
    "primary_metric_value": 0.6032460132601336,
    "selective_accuracy": 0.8516320474777448,
    "selective_risk": 0.1483679525222552,
    "split": "validation"
  },
  "matthews_correlation": 0.6032460132601336,
  "mce": 0.500271146796263,
  "mean_confidence": 0.983764104857956,
  "method": "ft",
  "model_name": "roberta-base",
  "nll": 0.8470478567691248,
  "primary_metric": "matthews_correlation",
  "primary_metric_value": 0.6032460132601336,
  "selective_accuracy": 0.8516320474777448,
  "selective_risk": 0.1483679525222552,
  "task_name": "cola"
}