{
  "abstained_error_rate": 0.3157894736842105,
  "abstention_rate": 0.04656862745098039,
  "abstention_threshold": 0.8,
  "accuracy": 0.8921568627450981,
  "brier": 0.19012908070801723,
  "calibration_accuracy": 0.9180865742430847,
  "calibration_bins": 15,
  "coverage": 0.9534313725490197,
  "ece": 0.08191342575691526,
  "eval_loss": 0.394479640508787,
  "f1": 0.9222614840989399,
  "final_id": {
    "abstained_error_rate": 0.3157894736842105,
    "abstention_rate": 0.04656862745098039,
    "abstention_threshold": 0.8,
    "accuracy": 0.8921568627450981,
    "best_f1": 0.9222614840989399,
    "best_primary_metric": 0.9222614840989399,
    "brier": 0.19012908070801723,
    "calibration_accuracy": 0.9180865742430847,
    "calibration_bins": 15,
    "coverage": 0.9534313725490197,
    "distribution": "id",
    "ece": 0.08191342575691526,
    "eval_loss": 0.394479640508787,
    "f1": 0.9222614840989399,
    "mce": 0.3298717398577733,
    "mean_confidence": 0.9715897822481043,
    "nll": 0.4014757058855506,
    "primary_metric": "f1",
    "primary_metric_value": 0.9222614840989399,
    "selective_accuracy": 0.9023136246786633,
    "selective_risk": 0.09768637532133673,
    "split": "validation"
  },
  "mce": 0.3298717398577733,
  "mean_confidence": 0.9715897822481043,
  "method": "lora",
  "model_name": "roberta-base",
  "nll": 0.4014757058855506,
  "primary_metric": "f1",
  "primary_metric_value": 0.9222614840989399,
  "selective_accuracy": 0.9023136246786633,
  "selective_risk": 0.09768637532133673,
  "task_name": "mrpc"
}