{
  "abstained_error_rate": 0.43478260869565216,
  "abstention_rate": 0.11274509803921569,
  "abstention_threshold": 0.8,
  "accuracy": 0.8848039215686274,
  "brier": 0.17896641652329318,
  "calibration_accuracy": 0.940094322617317,
  "calibration_bins": 15,
  "coverage": 0.8872549019607843,
  "ece": 0.05990567738268303,
  "eval_loss": 0.31853547448722214,
  "f1": 0.9156193895870736,
  "final_id": {
    "abstained_error_rate": 0.43478260869565216,
    "abstention_rate": 0.11274509803921569,
    "abstention_threshold": 0.8,
    "accuracy": 0.8848039215686274,
    "best_f1": 0.9156193895870736,
    "best_primary_metric": 0.9156193895870736,
    "brier": 0.17896641652329318,
    "calibration_accuracy": 0.940094322617317,
    "calibration_bins": 15,
    "coverage": 0.8872549019607843,
    "distribution": "id",
    "ece": 0.05990567738268303,
    "eval_loss": 0.31853547448722214,
    "f1": 0.9156193895870736,
    "mce": 0.21930095212797118,
    "mean_confidence": 0.9423529666305995,
    "nll": 0.32443799015694674,
    "primary_metric": "f1",
    "primary_metric_value": 0.9156193895870736,
    "selective_accuracy": 0.925414364640884,
    "selective_risk": 0.074585635359116,
    "split": "validation"
  },
  "mce": 0.21930095212797118,
  "mean_confidence": 0.9423529666305995,
  "method": "lora",
  "model_name": "roberta-base",
  "nll": 0.32443799015694674,
  "primary_metric": "f1",
  "primary_metric_value": 0.9156193895870736,
  "selective_accuracy": 0.925414364640884,
  "selective_risk": 0.074585635359116,
  "task_name": "mrpc"
}