{
  "abstained_error_rate": 0.5522388059701493,
  "abstention_rate": 0.24187725631768953,
  "abstention_threshold": 0.8,
  "accuracy": 0.7364620938628159,
  "brier": 0.37519550022556186,
  "calibration_accuracy": 0.8556313410294836,
  "calibration_bins": 15,
  "coverage": 0.7581227436823105,
  "ece": 0.14436865897051637,
  "eval_loss": 0.572816020084752,
  "final_id": {
    "abstained_error_rate": 0.5423728813559322,
    "abstention_rate": 0.21299638989169675,
    "abstention_threshold": 0.8,
    "accuracy": 0.7364620938628159,
    "best_accuracy": 0.7364620938628159,
    "best_primary_metric": 0.7364620938628159,
    "brier": 0.38884563063712235,
    "calibration_accuracy": 0.842888569779545,
    "calibration_bins": 15,
    "coverage": 0.7870036101083032,
    "distribution": "id",
    "ece": 0.15711143022045504,
    "eval_loss": 0.6107963215973642,
    "mce": 0.29665359700518157,
    "mean_confidence": 0.893573524083271,
    "nll": 0.6306917469219192,
    "primary_metric": "accuracy",
    "primary_metric_value": 0.7364620938628159,
    "selective_accuracy": 0.8119266055045872,
    "selective_risk": 0.18807339449541283,
    "split": "validation"
  },
  "mce": 0.39632127579736043,
  "mean_confidence": 0.8782592969208823,
  "method": "lora",
  "model_name": "roberta-base",
  "nll": 0.591199304585058,
  "primary_metric": "accuracy",
  "primary_metric_value": 0.7364620938628159,
  "selective_accuracy": 0.8285714285714286,
  "selective_risk": 0.17142857142857137,
  "task_name": "rte"
}