{
  "abstained_error_rate": 0.49019607843137253,
  "abstention_rate": 0.36823104693140796,
  "abstention_threshold": 0.8,
  "accuracy": 0.6931407942238267,
  "best_accuracy": 0.6931407942238267,
  "best_primary_metric": 0.6931407942238267,
  "brier": 0.406751982668739,
  "calibration_accuracy": 0.8744333452149105,
  "calibration_bins": 15,
  "coverage": 0.631768953068592,
  "distribution": "id",
  "ece": 0.12556665478508952,
  "eval_loss": 0.5887378123071458,
  "mce": 0.23552374955183442,
  "mean_confidence": 0.8187074490089162,
  "nll": 0.6013095779179045,
  "primary_metric": "accuracy",
  "primary_metric_value": 0.6931407942238267,
  "selective_accuracy": 0.8,
  "selective_risk": 0.19999999999999996,
  "split": "validation"
}