{
  "abstained_error_rate": 0.37988826815642457,
  "abstention_rate": 0.1716203259827421,
  "abstention_threshold": 0.8,
  "accuracy": 0.822627037392138,
  "brier": 0.28308915214350416,
  "calibration_accuracy": 0.899097273650229,
  "calibration_bins": 15,
  "coverage": 0.8283796740172579,
  "ece": 0.1009027263497711,
  "eval_loss": 0.5077068563550711,
  "final_id": {
    "abstained_error_rate": 0.37988826815642457,
    "abstention_rate": 0.1716203259827421,
    "abstention_threshold": 0.8,
    "accuracy": 0.822627037392138,
    "best_matthews_correlation": 0.562419829892001,
    "best_primary_metric": 0.562419829892001,
    "brier": 0.28308915214350416,
    "calibration_accuracy": 0.899097273650229,
    "calibration_bins": 15,
    "coverage": 0.8283796740172579,
    "distribution": "id",
    "ece": 0.1009027263497711,
    "eval_loss": 0.5077068563550711,
    "matthews_correlation": 0.562419829892001,
    "mce": 0.2175086946915762,
    "mean_confidence": 0.9132140812938357,
    "nll": 0.4871148887688155,
    "primary_metric": "matthews_correlation",
    "primary_metric_value": 0.562419829892001,
    "selective_accuracy": 0.8645833333333334,
    "selective_risk": 0.13541666666666663,
    "split": "validation"
  },
  "matthews_correlation": 0.562419829892001,
  "mce": 0.2175086946915762,
  "mean_confidence": 0.9132140812938357,
  "method": "lora",
  "model_name": "roberta-base",
  "nll": 0.4871148887688155,
  "primary_metric": "matthews_correlation",
  "primary_metric_value": 0.562419829892001,
  "selective_accuracy": 0.8645833333333334,
  "selective_risk": 0.13541666666666663,
  "task_name": "cola"
}