{
  "abstained_error_rate": 0.32,
  "abstention_rate": 0.12254901960784313,
  "abstention_threshold": 0.8,
  "accuracy": 0.8774509803921569,
  "brier": 0.19656060618651447,
  "calibration_accuracy": 0.9407799245058699,
  "calibration_bins": 15,
  "coverage": 0.8774509803921569,
  "ece": 0.05922007549413011,
  "eval_loss": 0.3304606478374738,
  "f1": 0.9100719424460433,
  "final_id": {
    "abstained_error_rate": 0.509090909090909,
    "abstention_rate": 0.13480392156862744,
    "abstention_threshold": 0.8,
    "accuracy": 0.8651960784313726,
    "best_f1": 0.9100719424460433,
    "best_primary_metric": 0.9100719424460433,
    "brier": 0.19427819354415052,
    "calibration_accuracy": 0.934243702793168,
    "calibration_bins": 15,
    "coverage": 0.8651960784313726,
    "distribution": "id",
    "ece": 0.065756297206832,
    "eval_loss": 0.3316543460465394,
    "f1": 0.9019607843137256,
    "mce": 0.35748143281464984,
    "mean_confidence": 0.92976262580325,
    "nll": 0.33662463293899336,
    "primary_metric": "f1",
    "primary_metric_value": 0.9019607843137256,
    "selective_accuracy": 0.9235127478753541,
    "selective_risk": 0.07648725212464591,
    "split": "validation"
  },
  "mce": 0.46799997448857966,
  "mean_confidence": 0.927915600444126,
  "method": "lora",
  "model_name": "roberta-base",
  "nll": 0.33565318894859764,
  "primary_metric": "f1",
  "primary_metric_value": 0.9100719424460433,
  "selective_accuracy": 0.9050279329608939,
  "selective_risk": 0.0949720670391061,
  "task_name": "mrpc"
}