{
  "abstained_error_rate": 0.5555555555555556,
  "abstention_rate": 0.010321100917431193,
  "abstention_threshold": 0.8,
  "accuracy": 0.9564220183486238,
  "brier": 0.0807351979565255,
  "calibration_accuracy": 0.9616220559604297,
  "calibration_bins": 15,
  "coverage": 0.9896788990825688,
  "ece": 0.03837794403957031,
  "eval_loss": 0.21904703925935212,
  "final_id": {
    "abstained_error_rate": 0.5555555555555556,
    "abstention_rate": 0.010321100917431193,
    "abstention_threshold": 0.8,
    "accuracy": 0.9564220183486238,
    "best_accuracy": 0.9564220183486238,
    "best_primary_metric": 0.9564220183486238,
    "brier": 0.0807351979565255,
    "calibration_accuracy": 0.9616220559604297,
    "calibration_bins": 15,
    "coverage": 0.9896788990825688,
    "distribution": "id",
    "ece": 0.03837794403957031,
    "eval_loss": 0.21904703925935212,
    "mce": 0.7112601519613186,
    "mean_confidence": 0.991176875429172,
    "nll": 0.22101657568734018,
    "primary_metric": "accuracy",
    "primary_metric_value": 0.9564220183486238,
    "selective_accuracy": 0.9617612977983777,
    "selective_risk": 0.03823870220162229,
    "split": "validation"
  },
  "mce": 0.7112601519613186,
  "mean_confidence": 0.991176875429172,
  "method": "lora",
  "model_name": "roberta-base",
  "nll": 0.22101657568734018,
  "primary_metric": "accuracy",
  "primary_metric_value": 0.9564220183486238,
  "selective_accuracy": 0.9617612977983777,
  "selective_risk": 0.03823870220162229,
  "task_name": "sst2"
}