{
  "abstained_error_rate": 0.36363636363636365,
  "abstention_rate": 0.08437200383509108,
  "abstention_threshold": 0.8,
  "accuracy": 0.8312559923298178,
  "brier": 0.2893453681826839,
  "calibration_accuracy": 0.8771127105114409,
  "calibration_bins": 15,
  "coverage": 0.9156279961649089,
  "ece": 0.12288728948855908,
  "eval_loss": 0.5893182043536481,
  "final_id": {
    "abstained_error_rate": 0.36363636363636365,
    "abstention_rate": 0.08437200383509108,
    "abstention_threshold": 0.8,
    "accuracy": 0.8312559923298178,
    "best_matthews_correlation": 0.5854419516220256,
    "best_primary_metric": 0.5854419516220256,
    "brier": 0.2893453681826839,
    "calibration_accuracy": 0.8771127105114409,
    "calibration_bins": 15,
    "coverage": 0.9156279961649089,
    "distribution": "id",
    "ece": 0.12288728948855908,
    "eval_loss": 0.5893182043536481,
    "matthews_correlation": 0.5854419516220256,
    "mce": 0.4573419320132428,
    "mean_confidence": 0.9520162141401252,
    "nll": 0.5722424437897871,
    "primary_metric": "matthews_correlation",
    "primary_metric_value": 0.5854419516220256,
    "selective_accuracy": 0.8492146596858638,
    "selective_risk": 0.15078534031413615,
    "split": "validation"
  },
  "matthews_correlation": 0.5854419516220256,
  "mce": 0.4573419320132428,
  "mean_confidence": 0.9520162141401252,
  "method": "lora",
  "model_name": "roberta-base",
  "nll": 0.5722424437897871,
  "primary_metric": "matthews_correlation",
  "primary_metric_value": 0.5854419516220256,
  "selective_accuracy": 0.8492146596858638,
  "selective_risk": 0.15078534031413615,
  "task_name": "cola"
}