{
  "abstained_error_rate": 0.3333333333333333,
  "abstention_rate": 0.07352941176470588,
  "abstention_threshold": 0.8,
  "accuracy": 0.8946078431372549,
  "brier": 0.1781221213709178,
  "calibration_accuracy": 0.9252504107465832,
  "calibration_bins": 15,
  "coverage": 0.9264705882352942,
  "ece": 0.07474958925341676,
  "eval_loss": 0.3593802039439862,
  "f1": 0.9230769230769231,
  "final_id": {
    "abstained_error_rate": 0.3333333333333333,
    "abstention_rate": 0.07352941176470588,
    "abstention_threshold": 0.8,
    "accuracy": 0.8946078431372549,
    "best_f1": 0.9230769230769231,
    "best_primary_metric": 0.9230769230769231,
    "brier": 0.1781221213709178,
    "calibration_accuracy": 0.9252504107465832,
    "calibration_bins": 15,
    "coverage": 0.9264705882352942,
    "distribution": "id",
    "ece": 0.07474958925341676,
    "eval_loss": 0.3593802039439862,
    "f1": 0.9230769230769231,
    "mce": 0.38919962985364365,
    "mean_confidence": 0.9587494893588662,
    "nll": 0.3649798556043558,
    "primary_metric": "f1",
    "primary_metric_value": 0.9230769230769231,
    "selective_accuracy": 0.9126984126984127,
    "selective_risk": 0.08730158730158732,
    "split": "validation"
  },
  "mce": 0.38919962985364365,
  "mean_confidence": 0.9587494893588662,
  "method": "lora",
  "model_name": "roberta-base",
  "nll": 0.3649798556043558,
  "primary_metric": "f1",
  "primary_metric_value": 0.9230769230769231,
  "selective_accuracy": 0.9126984126984127,
  "selective_risk": 0.08730158730158732,
  "task_name": "mrpc"
}