{
  "abstained_error_rate": 0.5,
  "abstention_rate": 0.016055045871559634,
  "abstention_threshold": 0.8,
  "accuracy": 0.9426605504587156,
  "best_accuracy": 0.9472477064220184,
  "best_primary_metric": 0.9472477064220184,
  "brier": 0.10156905156250035,
  "calibration_accuracy": 0.950437887010183,
  "calibration_bins": 15,
  "coverage": 0.9839449541284404,
  "distribution": "id",
  "ece": 0.0495621129898171,
  "eval_loss": 0.24660093796926297,
  "mce": 0.5652288377441452,
  "mean_confidence": 0.9900646358203589,
  "nll": 0.24848288228415946,
  "primary_metric": "accuracy",
  "primary_metric_value": 0.9426605504587156,
  "selective_accuracy": 0.9498834498834499,
  "selective_risk": 0.05011655011655014,
  "split": "validation"
}