{
  "abstained_error_rate": 0.375,
  "abstention_rate": 0.01834862385321101,
  "abstention_threshold": 0.8,
  "accuracy": 0.9472477064220184,
  "brier": 0.09503780983839598,
  "calibration_accuracy": 0.957446990535146,
  "calibration_bins": 15,
  "coverage": 0.981651376146789,
  "ece": 0.042553009464853984,
  "eval_loss": 0.2062958409671079,
  "final_id": {
    "abstained_error_rate": 0.5,
    "abstention_rate": 0.016055045871559634,
    "abstention_threshold": 0.8,
    "accuracy": 0.9426605504587156,
    "best_accuracy": 0.9472477064220184,
    "best_primary_metric": 0.9472477064220184,
    "brier": 0.10156905156250035,
    "calibration_accuracy": 0.950437887010183,
    "calibration_bins": 15,
    "coverage": 0.9839449541284404,
    "distribution": "id",
    "ece": 0.0495621129898171,
    "eval_loss": 0.24660093796926297,
    "mce": 0.5652288377441452,
    "mean_confidence": 0.9900646358203589,
    "nll": 0.24848288228415946,
    "primary_metric": "accuracy",
    "primary_metric_value": 0.9426605504587156,
    "selective_accuracy": 0.9498834498834499,
    "selective_risk": 0.05011655011655014,
    "split": "validation"
  },
  "mce": 0.4964732907713658,
  "mean_confidence": 0.9859092389420782,
  "method": "lora",
  "model_name": "roberta-base",
  "nll": 0.20810679829150544,
  "primary_metric": "accuracy",
  "primary_metric_value": 0.9472477064220184,
  "selective_accuracy": 0.9532710280373832,
  "selective_risk": 0.04672897196261683,
  "task_name": "sst2"
}