{
  "abstained_error_rate": 0.5405405405405406,
  "abstention_rate": 0.26714801444043323,
  "abstention_threshold": 0.8,
  "accuracy": 0.7328519855595668,
  "best_accuracy": 0.7328519855595668,
  "best_primary_metric": 0.7328519855595668,
  "brier": 0.3630322465136122,
  "calibration_accuracy": 0.8673627322184632,
  "calibration_bins": 15,
  "coverage": 0.7328519855595668,
  "distribution": "id",
  "ece": 0.13263726778153678,
  "eval_loss": 0.5738468716541926,
  "mce": 0.36690109292815015,
  "mean_confidence": 0.8654892533411035,
  "nll": 0.5779170413494547,
  "primary_metric": "accuracy",
  "primary_metric_value": 0.7328519855595668,
  "selective_accuracy": 0.8325123152709359,
  "selective_risk": 0.16748768472906406,
  "split": "validation"
}