{
  "abstained_error_rate": 0.6086956521739131,
  "abstention_rate": 0.056372549019607844,
  "abstention_threshold": 0.8,
  "accuracy": 0.8848039215686274,
  "best_f1": 0.9198606271777002,
  "best_primary_metric": 0.9198606271777002,
  "brier": 0.1872014904318174,
  "calibration_accuracy": 0.9168314489164858,
  "calibration_bins": 15,
  "coverage": 0.9436274509803921,
  "distribution": "id",
  "ece": 0.08316855108351418,
  "eval_loss": 0.3761221904021043,
  "f1": 0.91651865008881,
  "mce": 0.5463783620392008,
  "mean_confidence": 0.9645089256779803,
  "nll": 0.38274425250022903,
  "primary_metric": "f1",
  "primary_metric_value": 0.91651865008881,
  "selective_accuracy": 0.9142857142857143,
  "selective_risk": 0.08571428571428574,
  "split": "validation"
}