{
  "abstained_error_rate": 0.4186046511627907,
  "abstention_rate": 0.1053921568627451,
  "abstention_threshold": 0.8,
  "accuracy": 0.8872549019607843,
  "brier": 0.17443974265160825,
  "calibration_accuracy": 0.9424802383587082,
  "calibration_bins": 15,
  "coverage": 0.8946078431372549,
  "ece": 0.05751976164129183,
  "eval_loss": 0.3147804227012854,
  "f1": 0.9198606271777002,
  "final_id": {
    "abstained_error_rate": 0.6086956521739131,
    "abstention_rate": 0.056372549019607844,
    "abstention_threshold": 0.8,
    "accuracy": 0.8848039215686274,
    "best_f1": 0.9198606271777002,
    "best_primary_metric": 0.9198606271777002,
    "brier": 0.1872014904318174,
    "calibration_accuracy": 0.9168314489164858,
    "calibration_bins": 15,
    "coverage": 0.9436274509803921,
    "distribution": "id",
    "ece": 0.08316855108351418,
    "eval_loss": 0.3761221904021043,
    "f1": 0.91651865008881,
    "mce": 0.5463783620392008,
    "mean_confidence": 0.9645089256779803,
    "nll": 0.38274425250022903,
    "primary_metric": "f1",
    "primary_metric_value": 0.91651865008881,
    "selective_accuracy": 0.9142857142857143,
    "selective_risk": 0.08571428571428574,
    "split": "validation"
  },
  "mce": 0.32145374357766754,
  "mean_confidence": 0.9367227481048921,
  "method": "lora",
  "model_name": "roberta-base",
  "nll": 0.31981999756012847,
  "primary_metric": "f1",
  "primary_metric_value": 0.9198606271777002,
  "selective_accuracy": 0.9232876712328767,
  "selective_risk": 0.0767123287671233,
  "task_name": "mrpc"
}