{
  "abstained_error_rate": 0.46153846153846156,
  "abstention_rate": 0.3285198555956679,
  "abstention_threshold": 0.8,
  "accuracy": 0.7472924187725631,
  "best_accuracy": 0.7472924187725631,
  "best_primary_metric": 0.7472924187725631,
  "brier": 0.33570318317592057,
  "calibration_accuracy": 0.9156991732665956,
  "calibration_bins": 15,
  "coverage": 0.6714801444043321,
  "distribution": "id",
  "ece": 0.08430082673340439,
  "eval_loss": 0.505639437172148,
  "mce": 0.27170270227961724,
  "mean_confidence": 0.8289982083749007,
  "nll": 0.5068516734785207,
  "primary_metric": "accuracy",
  "primary_metric_value": 0.7472924187725631,
  "selective_accuracy": 0.8494623655913979,
  "selective_risk": 0.15053763440860213,
  "split": "validation"
}