{
  "abstained_error_rate": 0.7142857142857143,
  "abstention_rate": 0.02527075812274368,
  "abstention_threshold": 0.8,
  "accuracy": 0.776173285198556,
  "best_accuracy": 0.779783393501805,
  "best_primary_metric": 0.779783393501805,
  "brier": 0.42079061216563896,
  "calibration_accuracy": 0.7876795358400374,
  "calibration_bins": 15,
  "coverage": 0.9747292418772563,
  "distribution": "id",
  "ece": 0.2123204641599626,
  "eval_loss": 1.733784278233846,
  "mce": 0.7097595843645277,
  "mean_confidence": 0.9870241119531394,
  "nll": 1.7724268620572805,
  "primary_metric": "accuracy",
  "primary_metric_value": 0.776173285198556,
  "selective_accuracy": 0.7888888888888889,
  "selective_risk": 0.21111111111111114,
  "split": "validation"
}