{
  "abstained_error_rate": 0.2,
  "abstention_rate": 0.018050541516245487,
  "abstention_threshold": 0.8,
  "accuracy": 0.779783393501805,
  "brier": 0.431816124946101,
  "calibration_accuracy": 0.7833010808255962,
  "calibration_bins": 15,
  "coverage": 0.9819494584837545,
  "ece": 0.2166989191744038,
  "eval_loss": 1.7077887786759272,
  "final_id": {
    "abstained_error_rate": 0.7142857142857143,
    "abstention_rate": 0.02527075812274368,
    "abstention_threshold": 0.8,
    "accuracy": 0.776173285198556,
    "best_accuracy": 0.779783393501805,
    "best_primary_metric": 0.779783393501805,
    "brier": 0.42079061216563896,
    "calibration_accuracy": 0.7876795358400374,
    "calibration_bins": 15,
    "coverage": 0.9747292418772563,
    "distribution": "id",
    "ece": 0.2123204641599626,
    "eval_loss": 1.733784278233846,
    "mce": 0.7097595843645277,
    "mean_confidence": 0.9870241119531394,
    "nll": 1.7724268620572805,
    "primary_metric": "accuracy",
    "primary_metric_value": 0.776173285198556,
    "selective_accuracy": 0.7888888888888889,
    "selective_risk": 0.21111111111111114,
    "split": "validation"
  },
  "mce": 0.5694640991021445,
  "mean_confidence": 0.9892096990346736,
  "method": "ft",
  "model_name": "Qwen/Qwen2.5-0.5B-Instruct",
  "nll": 1.7550425109109733,
  "primary_metric": "accuracy",
  "primary_metric_value": 0.779783393501805,
  "selective_accuracy": 0.7794117647058824,
  "selective_risk": 0.22058823529411764,
  "task_name": "rte"
}