{
  "final_id": {
    "abstained_by_text_rate": 0.0,
    "abstention_rate": 0.0,
    "abstention_threshold": 0.8,
    "accuracy": 0.0,
    "bleu": 0.3355871884736135,
    "calibration_accuracy": 0.15148000000000028,
    "confidence_correct_mean": 0.0,
    "confidence_wrong_mean": 0.8485199999999997,
    "coverage": 1.0,
    "ece": 0.8485199999999997,
    "exact_match_rate": 0.0,
    "fact_recall_mean": 0.8002876984126983,
    "high_conf_wrong_rate": 1.0,
    "low_conf_correct_rate": 0.0,
    "mce": 0.8485199999999997,
    "mean_answer_logprob": -0.8057304044545062,
    "mean_answer_tokens": 23.476,
    "mean_confidence": 0.8485199999999997,
    "mean_response_tokens": 62.969,
    "mean_sequence_logprob": -0.8057304044545062,
    "median_confidence": 0.85,
    "parse_rate": 1.0,
    "primary_metric": "bleu",
    "primary_metric_value": 0.3355871884736135,
    "rouge_l": 0.51952776384661,
    "selective_accuracy": 0.0,
    "selective_rouge_l": 0.51952776384661
  }
}