{
  "abstained_error_rate": 0.42857142857142855,
  "abstention_rate": 0.01715686274509804,
  "abstention_threshold": 0.8,
  "accuracy": 0.8480392156862745,
  "best_f1": 0.8963210702341137,
  "best_primary_metric": 0.8963210702341137,
  "brier": 0.29037268637529007,
  "calibration_accuracy": 0.8551746080218593,
  "calibration_bins": 15,
  "coverage": 0.9828431372549019,
  "distribution": "id",
  "ece": 0.1448253919781407,
  "eval_loss": 1.1168119788859399,
  "f1": 0.8952702702702703,
  "mce": 0.492463776894492,
  "mean_confidence": 0.9907706348305968,
  "nll": 1.113245708519883,
  "primary_metric": "f1",
  "primary_metric_value": 0.8952702702702703,
  "selective_accuracy": 0.8528678304239401,
  "selective_risk": 0.1471321695760599,
  "split": "validation"
}