{
  "abstained_error_rate": 0.5,
  "abstention_rate": 0.014705882352941176,
  "abstention_threshold": 0.8,
  "accuracy": 0.8480392156862745,
  "brier": 0.2889321839809109,
  "calibration_accuracy": 0.8539034817628212,
  "calibration_bins": 15,
  "coverage": 0.9852941176470589,
  "ece": 0.1460965182371788,
  "eval_loss": 1.1415983627558979,
  "f1": 0.8963210702341137,
  "final_id": {
    "abstained_error_rate": 0.42857142857142855,
    "abstention_rate": 0.01715686274509804,
    "abstention_threshold": 0.8,
    "accuracy": 0.8480392156862745,
    "best_f1": 0.8963210702341137,
    "best_primary_metric": 0.8963210702341137,
    "brier": 0.29037268637529007,
    "calibration_accuracy": 0.8551746080218593,
    "calibration_bins": 15,
    "coverage": 0.9828431372549019,
    "distribution": "id",
    "ece": 0.1448253919781407,
    "eval_loss": 1.1168119788859399,
    "f1": 0.8952702702702703,
    "mce": 0.492463776894492,
    "mean_confidence": 0.9907706348305968,
    "nll": 1.113245708519883,
    "primary_metric": "f1",
    "primary_metric_value": 0.8952702702702703,
    "selective_accuracy": 0.8528678304239401,
    "selective_risk": 0.1471321695760599,
    "split": "validation"
  },
  "mce": 0.645843928918131,
  "mean_confidence": 0.9907077532800335,
  "method": "ft",
  "model_name": "Qwen/Qwen2.5-0.5B-Instruct",
  "nll": 1.1379604307341498,
  "primary_metric": "f1",
  "primary_metric_value": 0.8963210702341137,
  "selective_accuracy": 0.8532338308457711,
  "selective_risk": 0.1467661691542289,
  "task_name": "mrpc"
}