{
  "abstained_error_rate": 0.3474576271186441,
  "abstention_rate": 0.11313518696069032,
  "abstention_threshold": 0.8,
  "accuracy": 0.840843720038351,
  "brier": 0.2649195222292042,
  "calibration_accuracy": 0.9016691727206274,
  "calibration_bins": 15,
  "coverage": 0.8868648130393096,
  "ece": 0.09833082727937259,
  "eval_loss": 0.48536533162449347,
  "final_id": {
    "abstained_error_rate": 0.4157303370786517,
    "abstention_rate": 0.08533077660594439,
    "abstention_threshold": 0.8,
    "accuracy": 0.8331735378715245,
    "best_matthews_correlation": 0.6112042583542696,
    "best_primary_metric": 0.6112042583542696,
    "brier": 0.2797472317620154,
    "calibration_accuracy": 0.8871741101053071,
    "calibration_bins": 15,
    "coverage": 0.9146692233940557,
    "distribution": "id",
    "ece": 0.11282588989469292,
    "eval_loss": 0.5287680137394504,
    "matthews_correlation": 0.5906590396340186,
    "mce": 0.32152420834073525,
    "mean_confidence": 0.9442635470055087,
    "nll": 0.513304590981531,
    "primary_metric": "matthews_correlation",
    "primary_metric_value": 0.5906590396340186,
    "selective_accuracy": 0.8563941299790356,
    "selective_risk": 0.14360587002096437,
    "split": "validation"
  },
  "matthews_correlation": 0.6112042583542696,
  "mce": 0.26618841300588936,
  "mean_confidence": 0.9347682748680202,
  "method": "lora",
  "model_name": "roberta-base",
  "nll": 0.4687519457971862,
  "primary_metric": "matthews_correlation",
  "primary_metric_value": 0.6112042583542696,
  "selective_accuracy": 0.8648648648648649,
  "selective_risk": 0.1351351351351351,
  "task_name": "cola"
}