{
  "abstained_error_rate": 0.3333333333333333,
  "abstention_rate": 0.051470588235294115,
  "abstention_threshold": 0.8,
  "accuracy": 0.8578431372549019,
  "best_f1": 0.8993055555555555,
  "best_primary_metric": 0.8993055555555555,
  "brier": 0.25641194665248024,
  "calibration_accuracy": 0.8751919122387678,
  "calibration_bins": 15,
  "coverage": 0.9485294117647058,
  "distribution": "id",
  "ece": 0.12480808776123216,
  "eval_loss": 0.6827132085734495,
  "f1": 0.8993055555555555,
  "mce": 0.6212844616207952,
  "mean_confidence": 0.9700674546682195,
  "nll": 0.6960309950904607,
  "primary_metric": "f1",
  "primary_metric_value": 0.8993055555555555,
  "selective_accuracy": 0.8682170542635659,
  "selective_risk": 0.13178294573643412,
  "split": "validation"
}