{
  "abstained_error_rate": 0.5070422535211268,
  "abstention_rate": 0.17401960784313725,
  "abstention_threshold": 0.8,
  "accuracy": 0.8578431372549019,
  "best_f1": 0.9036777583187391,
  "best_primary_metric": 0.9036777583187391,
  "brier": 0.19711907251277533,
  "calibration_accuracy": 0.9399455704298655,
  "calibration_bins": 15,
  "coverage": 0.8259803921568627,
  "distribution": "id",
  "ece": 0.0600544295701345,
  "eval_loss": 0.33924563286396175,
  "f1": 0.8971631205673759,
  "mce": 0.24114866866602047,
  "mean_confidence": 0.9158449529399877,
  "nll": 0.3427381074367732,
  "primary_metric": "f1",
  "primary_metric_value": 0.8971631205673759,
  "selective_accuracy": 0.9347181008902077,
  "selective_risk": 0.06528189910979232,
  "split": "validation"
}