{
  "abstained_error_rate": 0.3924050632911392,
  "abstention_rate": 0.19362745098039216,
  "abstention_threshold": 0.8,
  "accuracy": 0.8578431372549019,
  "brier": 0.21093947974421495,
  "calibration_accuracy": 0.9455794700391534,
  "calibration_bins": 15,
  "coverage": 0.8063725490196079,
  "ece": 0.05442052996084656,
  "eval_loss": 0.3516708555129858,
  "f1": 0.8982456140350877,
  "final_id": {
    "abstained_error_rate": 0.3924050632911392,
    "abstention_rate": 0.19362745098039216,
    "abstention_threshold": 0.8,
    "accuracy": 0.8578431372549019,
    "best_f1": 0.8982456140350877,
    "best_primary_metric": 0.8982456140350877,
    "brier": 0.21093947974421495,
    "calibration_accuracy": 0.9455794700391534,
    "calibration_bins": 15,
    "coverage": 0.8063725490196079,
    "distribution": "id",
    "ece": 0.05442052996084656,
    "eval_loss": 0.3516708555129858,
    "f1": 0.8982456140350877,
    "mce": 0.22905861131499705,
    "mean_confidence": 0.9029779947535509,
    "nll": 0.3554425228348434,
    "primary_metric": "f1",
    "primary_metric_value": 0.8982456140350877,
    "selective_accuracy": 0.9179331306990881,
    "selective_risk": 0.0820668693009119,
    "split": "validation"
  },
  "mce": 0.22905861131499705,
  "mean_confidence": 0.9029779947535509,
  "method": "lora",
  "model_name": "roberta-base",
  "nll": 0.3554425228348434,
  "primary_metric": "f1",
  "primary_metric_value": 0.8982456140350877,
  "selective_accuracy": 0.9179331306990881,
  "selective_risk": 0.0820668693009119,
  "task_name": "mrpc"
}