{
  "abstained_error_rate": 0.40384615384615385,
  "abstention_rate": 0.14956855225311602,
  "abstention_threshold": 0.8,
  "accuracy": 0.8274209012464045,
  "best_matthews_correlation": 0.5906042341193154,
  "best_primary_metric": 0.5906042341193154,
  "brier": 0.27049320121174814,
  "calibration_accuracy": 0.9080954563152415,
  "calibration_bins": 15,
  "coverage": 0.850431447746884,
  "distribution": "id",
  "ece": 0.09190454368475848,
  "eval_loss": 0.4953306286285321,
  "matthews_correlation": 0.5752393119535992,
  "mce": 0.21531906349273555,
  "mean_confidence": 0.9193254449311632,
  "nll": 0.47253458494461514,
  "primary_metric": "matthews_correlation",
  "primary_metric_value": 0.5752393119535992,
  "selective_accuracy": 0.8680947012401353,
  "selective_risk": 0.13190529875986468,
  "split": "validation"
}