{
  "abstained_error_rate": 0.35135135135135137,
  "abstention_rate": 0.14189837008628955,
  "abstention_threshold": 0.8,
  "accuracy": 0.8331735378715245,
  "brier": 0.27200170246427935,
  "calibration_accuracy": 0.9022884284711582,
  "calibration_bins": 15,
  "coverage": 0.8581016299137104,
  "ece": 0.09771157152884183,
  "eval_loss": 0.5060632980682633,
  "final_id": {
    "abstained_error_rate": 0.40384615384615385,
    "abstention_rate": 0.14956855225311602,
    "abstention_threshold": 0.8,
    "accuracy": 0.8274209012464045,
    "best_matthews_correlation": 0.5906042341193154,
    "best_primary_metric": 0.5906042341193154,
    "brier": 0.27049320121174814,
    "calibration_accuracy": 0.9080954563152415,
    "calibration_bins": 15,
    "coverage": 0.850431447746884,
    "distribution": "id",
    "ece": 0.09190454368475848,
    "eval_loss": 0.4953306286285321,
    "matthews_correlation": 0.5752393119535992,
    "mce": 0.21531906349273555,
    "mean_confidence": 0.9193254449311632,
    "nll": 0.47253458494461514,
    "primary_metric": "matthews_correlation",
    "primary_metric_value": 0.5752393119535992,
    "selective_accuracy": 0.8680947012401353,
    "selective_risk": 0.13190529875986468,
    "split": "validation"
  },
  "matthews_correlation": 0.5906042341193154,
  "mce": 0.18866904652997085,
  "mean_confidence": 0.9222305227558539,
  "method": "lora",
  "model_name": "roberta-base",
  "nll": 0.48229162801545017,
  "primary_metric": "matthews_correlation",
  "primary_metric_value": 0.5906042341193154,
  "selective_accuracy": 0.8636871508379889,
  "selective_risk": 0.13631284916201114,
  "task_name": "cola"
}