{
  "abstained_error_rate": 0.5,
  "abstention_rate": 0.016055045871559634,
  "abstention_threshold": 0.8,
  "accuracy": 0.9392201834862385,
  "best_accuracy": 0.9392201834862385,
  "best_primary_metric": 0.9392201834862385,
  "brier": 0.10883304720827926,
  "calibration_accuracy": 0.9494993701709659,
  "calibration_bins": 15,
  "coverage": 0.9839449541284404,
  "distribution": "id",
  "ece": 0.05050062982903414,
  "eval_loss": 0.2621628630969843,
  "mce": 0.7137873662253396,
  "mean_confidence": 0.9881768155329622,
  "nll": 0.26210404846342655,
  "primary_metric": "accuracy",
  "primary_metric_value": 0.9392201834862385,
  "selective_accuracy": 0.9463869463869464,
  "selective_risk": 0.053613053613053574,
  "split": "validation"
}