{
  "abstained_error_rate": 0.3780487804878049,
  "abstention_rate": 0.15723873441994246,
  "abstention_threshold": 0.8,
  "accuracy": 0.8331735378715245,
  "best_matthews_correlation": 0.5932805322494611,
  "best_primary_metric": 0.5932805322494611,
  "brier": 0.2652610612195822,
  "calibration_accuracy": 0.9076787452226348,
  "calibration_bins": 15,
  "coverage": 0.8427612655800575,
  "distribution": "id",
  "ece": 0.09232125477736522,
  "eval_loss": 0.4892027396144289,
  "matthews_correlation": 0.5907413763612096,
  "mce": 0.19040699835447272,
  "mean_confidence": 0.9170613296293912,
  "nll": 0.46717429569974045,
  "primary_metric": "matthews_correlation",
  "primary_metric_value": 0.5907413763612096,
  "selective_accuracy": 0.8725824800910125,
  "selective_risk": 0.12741751990898753,
  "split": "validation"
}