{
  "abstained_error_rate": 0.2916666666666667,
  "abstention_rate": 0.11764705882352941,
  "abstention_threshold": 0.8,
  "accuracy": 0.875,
  "brier": 0.21035457289982004,
  "calibration_accuracy": 0.9191654490373194,
  "calibration_bins": 15,
  "coverage": 0.8823529411764706,
  "ece": 0.08083455096268059,
  "eval_loss": 0.3606981331339249,
  "f1": 0.9090909090909091,
  "final_id": {
    "abstained_error_rate": 0.4166666666666667,
    "abstention_rate": 0.08823529411764706,
    "abstention_threshold": 0.8,
    "accuracy": 0.8627450980392157,
    "best_f1": 0.9090909090909091,
    "best_primary_metric": 0.9090909090909091,
    "brier": 0.2245286208914662,
    "calibration_accuracy": 0.9011691643624599,
    "calibration_bins": 15,
    "coverage": 0.9117647058823529,
    "distribution": "id",
    "ece": 0.09883083563754014,
    "eval_loss": 0.43824420711741996,
    "f1": 0.9014084507042254,
    "mce": 0.36071992446082357,
    "mean_confidence": 0.951294155545641,
    "nll": 0.44447717562086936,
    "primary_metric": "f1",
    "primary_metric_value": 0.9014084507042254,
    "selective_accuracy": 0.8897849462365591,
    "selective_risk": 0.11021505376344087,
    "split": "validation"
  },
  "mce": 0.2852217885734435,
  "mean_confidence": 0.9333910636275076,
  "method": "lora",
  "model_name": "roberta-base",
  "nll": 0.364329234149596,
  "primary_metric": "f1",
  "primary_metric_value": 0.9090909090909091,
  "selective_accuracy": 0.8972222222222223,
  "selective_risk": 0.10277777777777775,
  "task_name": "mrpc"
}