{
  "abstained_error_rate": 0.4090909090909091,
  "abstention_rate": 0.3971119133574007,
  "abstention_threshold": 0.8,
  "accuracy": 0.7256317689530686,
  "brier": 0.3836130425515904,
  "calibration_accuracy": 0.8933815844708548,
  "calibration_bins": 15,
  "coverage": 0.6028880866425993,
  "ece": 0.1066184155291452,
  "eval_loss": 0.5549656814999051,
  "final_id": {
    "abstained_error_rate": 0.47,
    "abstention_rate": 0.36101083032490977,
    "abstention_threshold": 0.8,
    "accuracy": 0.7111913357400722,
    "best_accuracy": 0.7256317689530686,
    "best_primary_metric": 0.7256317689530686,
    "brier": 0.39102445984125267,
    "calibration_accuracy": 0.8805835128841837,
    "calibration_bins": 15,
    "coverage": 0.6389891696750902,
    "distribution": "id",
    "ece": 0.11941648711581626,
    "eval_loss": 0.5682853808005651,
    "mce": 0.38732461299347765,
    "mean_confidence": 0.8226813146633353,
    "nll": 0.5789528757679514,
    "primary_metric": "accuracy",
    "primary_metric_value": 0.7111913357400722,
    "selective_accuracy": 0.8135593220338984,
    "selective_risk": 0.18644067796610164,
    "split": "validation"
  },
  "mce": 0.25646944730156307,
  "mean_confidence": 0.8019114380901717,
  "method": "lora",
  "model_name": "roberta-base",
  "nll": 0.563975700642409,
  "primary_metric": "accuracy",
  "primary_metric_value": 0.7256317689530686,
  "selective_accuracy": 0.8143712574850299,
  "selective_risk": 0.18562874251497008,
  "task_name": "rte"
}