{
  "abstained_error_rate": 0.5,
  "abstention_rate": 0.01834862385321101,
  "abstention_threshold": 0.8,
  "accuracy": 0.9415137614678899,
  "brier": 0.1009519496714691,
  "calibration_accuracy": 0.9525277587063162,
  "calibration_bins": 15,
  "coverage": 0.981651376146789,
  "ece": 0.04747224129368379,
  "eval_loss": 0.22791794701479376,
  "final_id": {
    "abstained_error_rate": 0.47058823529411764,
    "abstention_rate": 0.0194954128440367,
    "abstention_threshold": 0.8,
    "accuracy": 0.9392201834862385,
    "best_accuracy": 0.9415137614678899,
    "best_primary_metric": 0.9415137614678899,
    "brier": 0.10792551718957663,
    "calibration_accuracy": 0.9493158040115574,
    "calibration_bins": 15,
    "coverage": 0.9805045871559633,
    "distribution": "id",
    "ece": 0.050684195988442655,
    "eval_loss": 0.24897574538746,
    "mce": 0.5261126560308277,
    "mean_confidence": 0.9876483814429683,
    "nll": 0.25117351139993,
    "primary_metric": "accuracy",
    "primary_metric_value": 0.9392201834862385,
    "selective_accuracy": 0.9473684210526315,
    "selective_risk": 0.052631578947368474,
    "split": "validation"
  },
  "mce": 0.5234439925162795,
  "mean_confidence": 0.9853096566676084,
  "method": "lora",
  "model_name": "roberta-base",
  "nll": 0.22993204728481514,
  "primary_metric": "accuracy",
  "primary_metric_value": 0.9415137614678899,
  "selective_accuracy": 0.9497663551401869,
  "selective_risk": 0.050233644859813076,
  "task_name": "sst2"
}