{
  "abstained_error_rate": 0.48514851485148514,
  "abstention_rate": 0.36462093862815886,
  "abstention_threshold": 0.8,
  "accuracy": 0.7075812274368231,
  "best_accuracy": 0.7075812274368231,
  "best_primary_metric": 0.7075812274368231,
  "brier": 0.3970753859865478,
  "calibration_accuracy": 0.8876521042402106,
  "calibration_bins": 15,
  "coverage": 0.6353790613718412,
  "distribution": "id",
  "ece": 0.11234789575978937,
  "eval_loss": 0.5771929770708084,
  "mce": 0.29410380581316947,
  "mean_confidence": 0.8199291231966126,
  "nll": 0.5889397460623002,
  "primary_metric": "accuracy",
  "primary_metric_value": 0.7075812274368231,
  "selective_accuracy": 0.8181818181818182,
  "selective_risk": 0.18181818181818177,
  "split": "validation"
}