{
  "abstained_error_rate": 0.48863636363636365,
  "abstention_rate": 0.08437200383509108,
  "abstention_threshold": 0.8,
  "accuracy": 0.8072866730584851,
  "best_matthews_correlation": 0.5604908428699743,
  "best_primary_metric": 0.5604908428699743,
  "brier": 0.3227560488510484,
  "calibration_accuracy": 0.8514443017981993,
  "calibration_bins": 15,
  "coverage": 0.9156279961649089,
  "distribution": "id",
  "ece": 0.1485556982018007,
  "eval_loss": 0.7723001729023191,
  "matthews_correlation": 0.5368860906731105,
  "mce": 0.38624250293987106,
  "mean_confidence": 0.9503728300836057,
  "nll": 0.7394207989783257,
  "primary_metric": "matthews_correlation",
  "primary_metric_value": 0.5368860906731105,
  "selective_accuracy": 0.8345549738219895,
  "selective_risk": 0.1654450261780105,
  "split": "validation"
}