{
  "abstained_error_rate": 0.45390070921985815,
  "abstention_rate": 0.13518696069031638,
  "abstention_threshold": 0.8,
  "accuracy": 0.8120805369127517,
  "brier": 0.30598318732020696,
  "calibration_accuracy": 0.8783942198691678,
  "calibration_bins": 15,
  "coverage": 0.8648130393096836,
  "ece": 0.12160578013083222,
  "eval_loss": 0.6181451189049492,
  "final_id": {
    "abstained_error_rate": 0.48863636363636365,
    "abstention_rate": 0.08437200383509108,
    "abstention_threshold": 0.8,
    "accuracy": 0.8072866730584851,
    "best_matthews_correlation": 0.5604908428699743,
    "best_primary_metric": 0.5604908428699743,
    "brier": 0.3227560488510484,
    "calibration_accuracy": 0.8514443017981993,
    "calibration_bins": 15,
    "coverage": 0.9156279961649089,
    "distribution": "id",
    "ece": 0.1485556982018007,
    "eval_loss": 0.7723001729023191,
    "matthews_correlation": 0.5368860906731105,
    "mce": 0.38624250293987106,
    "mean_confidence": 0.9503728300836057,
    "nll": 0.7394207989783257,
    "primary_metric": "matthews_correlation",
    "primary_metric_value": 0.5368860906731105,
    "selective_accuracy": 0.8345549738219895,
    "selective_risk": 0.1654450261780105,
    "split": "validation"
  },
  "matthews_correlation": 0.5604908428699743,
  "mce": 0.2703001379808725,
  "mean_confidence": 0.9312691657899955,
  "method": "lora",
  "model_name": "Qwen/Qwen2.5-0.5B-Instruct",
  "nll": 0.5919622141025338,
  "primary_metric": "matthews_correlation",
  "primary_metric_value": 0.5604908428699743,
  "selective_accuracy": 0.8536585365853658,
  "selective_risk": 0.14634146341463417,
  "task_name": "cola"
}