{
  "abstained_error_rate": 0.4,
  "abstention_rate": 0.017201834862385322,
  "abstention_threshold": 0.8,
  "accuracy": 0.9415137614678899,
  "best_accuracy": 0.9415137614678899,
  "best_primary_metric": 0.9415137614678899,
  "brier": 0.10489443372583854,
  "calibration_accuracy": 0.9517306031555518,
  "calibration_bins": 15,
  "coverage": 0.9827981651376146,
  "distribution": "id",
  "ece": 0.04826939684444815,
  "eval_loss": 0.23809250416657465,
  "mce": 0.48015602862209084,
  "mean_confidence": 0.9862841322818329,
  "nll": 0.24009075961362136,
  "primary_metric": "accuracy",
  "primary_metric_value": 0.9415137614678899,
  "selective_accuracy": 0.9474912485414235,
  "selective_risk": 0.052508751458576475,
  "split": "validation"
}