{
  "abstained_error_rate": 0.47619047619047616,
  "abstention_rate": 0.22743682310469315,
  "abstention_threshold": 0.8,
  "accuracy": 0.7436823104693141,
  "brier": 0.3769633769386227,
  "calibration_accuracy": 0.8608193435269944,
  "calibration_bins": 15,
  "coverage": 0.7725631768953068,
  "ece": 0.13918065647300554,
  "eval_loss": 0.6011359807517793,
  "final_id": {
    "abstained_error_rate": 0.47619047619047616,
    "abstention_rate": 0.22743682310469315,
    "abstention_threshold": 0.8,
    "accuracy": 0.7436823104693141,
    "best_accuracy": 0.7436823104693141,
    "best_primary_metric": 0.7436823104693141,
    "brier": 0.3769633769386227,
    "calibration_accuracy": 0.8608193435269944,
    "calibration_bins": 15,
    "coverage": 0.7725631768953068,
    "distribution": "id",
    "ece": 0.13918065647300554,
    "eval_loss": 0.6011359807517793,
    "mce": 0.3285714015696509,
    "mean_confidence": 0.8805746962268446,
    "nll": 0.6150511109110897,
    "primary_metric": "accuracy",
    "primary_metric_value": 0.7436823104693141,
    "selective_accuracy": 0.8084112149532711,
    "selective_risk": 0.19158878504672894,
    "split": "validation"
  },
  "mce": 0.3285714015696509,
  "mean_confidence": 0.8805746962268446,
  "method": "lora",
  "model_name": "roberta-base",
  "nll": 0.6150511109110897,
  "primary_metric": "accuracy",
  "primary_metric_value": 0.7436823104693141,
  "selective_accuracy": 0.8084112149532711,
  "selective_risk": 0.19158878504672894,
  "task_name": "rte"
}